<?xml version="1.0" encoding="UTF-8"?>
<beans xmlns="http://www.springframework.org/schema/beans"
       xmlns:xsi="http://www.w3.org/2001/XMLSchema-instance"
       xmlns:context="http://www.springframework.org/schema/context"
       xmlns:jdbc="http://www.springframework.org/schema/jdbc"
       xmlns:jee="http://www.springframework.org/schema/jee"
       xmlns:tx="http://www.springframework.org/schema/tx"
       xmlns:aop="http://www.springframework.org/schema/aop"
       xmlns:mvc="http://www.springframework.org/schema/mvc"
       xmlns:util="http://www.springframework.org/schema/util"
       xsi:schemaLocation="
		http://www.springframework.org/schema/beans http://www.springframework.org/schema/beans/spring-beans-3.2.xsd
		http://www.springframework.org/schema/context http://www.springframework.org/schema/context/spring-context-3.2.xsd
		http://www.springframework.org/schema/jdbc http://www.springframework.org/schema/jdbc/spring-jdbc-3.2.xsd
		http://www.springframework.org/schema/jee http://www.springframework.org/schema/jee/spring-jee-3.2.xsd
		http://www.springframework.org/schema/tx http://www.springframework.org/schema/tx/spring-tx-3.2.xsd
		http://www.springframework.org/schema/aop http://www.springframework.org/schema/aop/spring-aop-3.2.xsd
		http://www.springframework.org/schema/mvc http://www.springframework.org/schema/mvc/spring-mvc-3.2.xsd
		http://www.springframework.org/schema/util http://www.springframework.org/schema/util/spring-util-3.2.xsd">
    <context:component-scan base-package="com.kzz.blog"/>
    <!-- 读取数据库连接相关配置 -->
    <!-- 读取数据库连接相关配置 -->
    <util:properties id="config" location="classpath:db.properties"/>

    <!-- 配置数据源，保证其能够连接数据库 -->
    <bean id="dataSource" class="org.apache.commons.dbcp.BasicDataSource">
        <property name="url" value="#{config.url}" />
        <property name="driverClassName" value="com.mysql.cj.jdbc.Driver" />
        <property name="username" value="#{config.username}" />
        <property name="password" value="#{config.password}" />
        <property name="initialSize" value="#{config.initialSize}" />
        <property name="maxActive" value="#{config.maxActive}" />
    </bean>

    <!-- 配置SqlSessionFactoryBean -->
    <bean  id="sqlSessionFactory" class="org.mybatis.spring.SqlSessionFactoryBean">
        <!-- 配置XML文件在哪里 -->
        <property name="mapperLocations" value="classpath:mappers/*.xml" />
        <!-- 配置使用哪个数据源连接数据库 -->
        <property name="dataSource" ref="dataSource" />
    </bean>

    <bean class="org.mybatis.spring.mapper.MapperScannerConfigurer">
        <!-- 配置接口文件在哪里 -->
        <property name="basePackage" value="com.kzz.blog.mapper" />
        <property name="sqlSessionFactoryBeanName" value="sqlSessionFactory"/>
    </bean>
    <!--   Spring 上传业务 -->
    <context:component-scan base-package="com.kzz.blog" />
    <!-- 配置MultipartResolver -->



    <mvc:annotation-driven>
        <mvc:message-converters>
            <bean class="org.springframework.http.converter.StringHttpMessageConverter">
                <constructor-arg value="UTF-8" />
            </bean>
            <bean
                    class="com.alibaba.fastjson.support.spring.FastJsonHttpMessageConverter">
                <property name="features">
                    <array value-type="com.alibaba.fastjson.serializer.SerializerFeature">
                        <value>NotWriteDefaultValue</value>
                        <value>DisableCircularReferenceDetect</value>
                    </array>
                </property>
                <property name="supportedMediaTypes">
                    <list>
                        <value>application/json;charset=UTF-8</value>
                        <value>text/html;charset=UTF-8</value>
                        <value>text/plain;charset=UTF-8</value>
                    </list>
                </property>
            </bean>
        </mvc:message-converters>
    </mvc:annotation-driven>
    <bean id="multipartResolver" class="org.springframework.web.multipart.commons.CommonsMultipartResolver">
        <property name="defaultEncoding" value="UTF-8"/>
        <property name="maxUploadSize" value="540000"/>
    </bean>
    <!--    <bean id="templateResolver" class="org.thymeleaf.templateresolver.ServletContextTemplateResolver">-->
    <bean id="templateResolver" class="org.thymeleaf.spring4.templateresolver.SpringResourceTemplateResolver">
        <property name="prefix"
                  value="/web1/" />
        <property name="suffix"
                  value=".html" />
        <property name="characterEncoding"
                  value="utf-8" />
        <property name="templateMode"
                  value="HTML" />
        <property name="cacheable"
                  value="false" />
    </bean>

    <!-- Spring模版引擎：SpringTemplateEngine -->
    <bean id="templateEngine"
          class="org.thymeleaf.spring4.SpringTemplateEngine">
        <property name="templateResolver"
                  ref="templateResolver" />
    </bean>

    <!-- 视图解析器：ThymeleafViewResolver -->
    <bean class="org.thymeleaf.spring4.view.ThymeleafViewResolver">
        <property name="templateEngine"
                  ref="templateEngine" />
        <property name="characterEncoding"
                  value="utf-8" />
    </bean>
    <mvc:interceptors>
        <!-- 配置第1个拦截器 -->
        <mvc:interceptor>
            <!-- 1. 拦截路径 -->
            <mvc:mapping path="/home/**"/>
            <!-- 2. 例外，即白名单 -->
            <mvc:exclude-mapping path="/home/signin.do"/>
            <!-- 3. 拦截器类 -->
            <bean class="com.kzz.blog.interceptor.LoginInterceptor" />
        </mvc:interceptor>
    </mvc:interceptors>
</beans>











